,Actual,embedding_attention_mlp,lightGBM,deep_residual_mlp
0,1,0.95082974,0.5506143525043377,0.93406135
1,1,0.9613536,0.7543867070411726,0.9748209
2,1,0.945911,0.7852173219393409,0.9217344
3,0,0.14883377,0.2091265584996515,0.2706035
4,1,0.969821,0.7135017361300151,0.98735785
5,1,0.9671881,0.6065682599072239,0.9922483
6,1,0.94830465,0.6853521538532904,0.97741026
7,1,0.97330135,0.8478325012316009,0.9505752
8,1,0.9663951,0.7069147583224902,0.938856
9,1,0.97108245,0.7798669217611426,0.9773931
10,1,0.9658216,0.6701428590150847,0.9813044
11,1,0.93711984,0.5721964082385055,0.97226083
12,1,0.95683664,0.7250255130770851,0.9909944
13,1,0.94598573,0.766709747769926,0.96993005
14,1,0.9330022,0.6809275938097991,0.93761796
15,0,0.78090477,0.3309300741456097,0.3051616
16,1,0.93895334,0.689959356083995,0.9842233
17,1,0.97281355,0.8177217395069576,0.938058
18,1,0.97015953,0.5322909480091494,0.91523206
19,1,0.9281384,0.6770471187432733,0.95737827
20,1,0.972352,0.8724243030946017,0.9760168
21,1,0.9719216,0.8359134124928477,0.9837977
22,1,0.9839194,0.8626109392314203,0.99253196
23,1,0.9599388,0.8027296920446543,0.97772264
24,1,0.95595217,0.7714858852435904,0.9875772
25,1,0.96683115,0.7603396269334312,0.97657895
26,1,0.96154684,0.6328435805940708,0.9304037
27,1,0.86161566,0.3628807673459976,0.96030325
28,1,0.9602269,0.7581640613177584,0.99252135
29,1,0.85529256,0.3491515427407082,0.96162075
30,1,0.8891791,0.5609624397476868,0.8894193
31,1,0.9488009,0.6650261694964567,0.93220264
32,1,0.9811736,0.6362957314032346,0.9932254
33,1,0.95321226,0.6715841468646437,0.9737467
34,1,0.95630056,0.4383488850231765,0.971593
35,1,0.96685004,0.7402796633562102,0.98456514
36,1,0.98031735,0.8107433892379525,0.98779374
37,0,0.9081536,0.6138228825265667,0.94774014
38,1,0.88727814,0.5935477498090194,0.87811756
39,1,0.9432293,0.6075881626516553,0.9880024
40,1,0.9769149,0.7334836530035379,0.96062654
41,1,0.5815264,0.426024655709077,0.3039165
42,1,0.965364,0.8011536823725609,0.96432686
43,1,0.9389712,0.7249919707833163,0.9776743
44,1,0.89795756,0.6326873473744316,0.94443357
45,1,0.9392801,0.7008708704533954,0.9380916
46,1,0.9773246,0.8976988478013784,0.9879418
47,1,0.95651495,0.8031036479641525,0.98353404
48,0,0.23289506,0.2264767489423317,0.24780683
49,1,0.9189493,0.5679309997900994,0.94672817
50,1,0.95140415,0.6347057613527127,0.9864948
51,0,0.9719568,0.7171680887057956,0.97403574
52,0,0.96134806,0.7111957019034639,0.93084383
53,0,0.8138539,0.3011811425259101,0.64893466
54,1,0.95850027,0.6239297492133895,0.983422
55,0,0.38255057,0.2554883632982882,0.5946873
56,1,0.95103973,0.5887337828345418,0.93428594
57,1,0.868626,0.4237359150209719,0.9599899
58,0,0.8068119,0.2716247771752773,0.92700946
59,1,0.82747555,0.4613555732764871,0.61807644
60,0,0.9667045,0.6275296665147528,0.97303355
61,1,0.59181136,0.3536369053028781,0.7189845
62,1,0.88962364,0.5332019335461309,0.90184367
63,1,0.9626119,0.5013946702507412,0.9290222
64,1,0.98625845,0.8218703842965415,0.99453837
65,0,0.92635393,0.4667707379202244,0.94404984
66,0,0.9430256,0.6188469766041216,0.9610183
67,1,0.7701885,0.2706431422379737,0.63145506
68,1,0.9725081,0.7674183918243396,0.97503495
69,1,0.94304204,0.6981344524152455,0.9228214
70,1,0.9469555,0.8048143016711856,0.9692672
71,1,0.9147946,0.4823801492111381,0.9321305
72,1,0.9098621,0.6949913841043152,0.9827642
73,1,0.962748,0.7308790352854697,0.99062026
74,1,0.97079945,0.7717092624747904,0.9417263
75,0,0.1408712,0.1293908449744921,0.1821061
76,1,0.57466257,0.5634506550744715,0.56145906
77,1,0.9357528,0.5568433224382583,0.891846
78,1,0.9488015,0.7397074700393516,0.94629246
79,1,0.90438634,0.6863331821680987,0.9437529
80,1,0.9569326,0.6316993840619541,0.9791236
81,1,0.7903307,0.3549713761624308,0.8750753
82,1,0.97226197,0.7953937188633804,0.99120235
83,1,0.95559114,0.7382961419231996,0.922649
84,1,0.91026264,0.6471131350295615,0.9331588
85,1,0.96883315,0.8034384494871412,0.9885718
86,1,0.8102631,0.4927269956624659,0.97315896
87,0,0.88274175,0.3313267905932676,0.87007475
88,1,0.94957477,0.5750315442881303,0.9839278
89,1,0.93218225,0.7462085911494865,0.9386135
90,0,0.9709761,0.8046165937587726,0.966013
91,1,0.94556564,0.815785990875148,0.9838585
92,1,0.9510068,0.3938144756442485,0.9449388
93,0,0.74577105,0.2862925577114737,0.4619791
94,1,0.86724025,0.4804782794745522,0.7774986
95,1,0.92633563,0.7648434781816547,0.95407856
96,1,0.9410469,0.5254507718474898,0.988907
97,1,0.89757746,0.558732627025938,0.89570165
98,1,0.77620584,0.3261182198624052,0.53209275
99,1,0.9196141,0.3981195908396587,0.87826633
100,1,0.9631179,0.691033893973311,0.94294804
101,1,0.91662306,0.6083928955803608,0.89184666
102,1,0.94073987,0.5565005049623322,0.92125165
103,1,0.92978436,0.5745073595779837,0.8531305
104,1,0.9195268,0.500955169005359,0.94171894
105,1,0.96369374,0.5901719881004597,0.94376576
106,1,0.8352598,0.3159971772854937,0.7857248
107,0,0.7358382,0.2537779570951757,0.96957535
108,1,0.9147717,0.5580409631155974,0.968043
109,1,0.91278684,0.4478066147531704,0.63602996
110,1,0.96807307,0.8475461648939072,0.9405545
111,0,0.32145962,0.1408631207550594,0.17264555
112,1,0.97306937,0.8253786247092306,0.9812996
113,1,0.9013378,0.4855586299941269,0.9346877
114,1,0.96472657,0.8355080675526552,0.97245425
115,1,0.8985641,0.5881033226452581,0.9921135
116,1,0.9539895,0.6929572455007926,0.95334905
117,1,0.9173175,0.5295944360869443,0.867614
118,1,0.96192515,0.647816644824306,0.9221554
119,1,0.94337106,0.540258650273193,0.92709535
120,1,0.92909825,0.7114424434490998,0.9749903
121,0,0.9022761,0.3966392937745912,0.9483393
122,1,0.84659827,0.4850779306995555,0.8866594
123,1,0.9661216,0.8174126787586428,0.9679367
124,1,0.9322048,0.6372986756124531,0.92070657
125,1,0.96304464,0.8341243294609105,0.944283
126,1,0.9758893,0.8297838124859644,0.9894493
127,1,0.8101381,0.3426369198971361,0.52770627
128,1,0.8738152,0.611825956153611,0.9589331
129,1,0.9372877,0.5591922323190327,0.92158604
130,1,0.9169018,0.7994204562453894,0.97800964
131,1,0.97986233,0.7489086747783922,0.9843685
132,1,0.95383406,0.6604667280537173,0.97230023
133,1,0.9167224,0.5547958916324756,0.7818544
134,1,0.98247206,0.7195159527890336,0.9849163
135,0,0.8814157,0.5220941907367194,0.7307349
136,1,0.8393372,0.3323935035874821,0.917759
137,1,0.9812407,0.8705808311128337,0.9618106
138,1,0.8753363,0.6411460853016083,0.931738
139,1,0.9553332,0.7493820285948782,0.95916295
140,1,0.96788424,0.6235783918528214,0.96217257
141,1,0.9290878,0.5445558113175977,0.94384265
142,1,0.8930944,0.3190941238944655,0.9432009
143,1,0.9761972,0.7499775953576037,0.97707397
144,1,0.7348461,0.5099920827577037,0.9289937
145,0,0.9640699,0.806589356176261,0.9694808
146,1,0.97784525,0.679481158726923,0.9518562
147,1,0.962389,0.7992062586969938,0.9451158
148,1,0.97015935,0.7465322016146859,0.97710985
149,1,0.9219363,0.4088472262780608,0.7909692
150,1,0.7853253,0.4134499504009257,0.4967538
151,1,0.9428637,0.6986817151127264,0.938255
152,1,0.95043826,0.7575233837711471,0.9131168
153,1,0.9331597,0.6738883198714426,0.9258391
154,1,0.96116275,0.7330960207749602,0.9550946
155,1,0.94226545,0.5991458152635569,0.98860955
156,1,0.92399997,0.6663535835335933,0.94174683
157,1,0.9278646,0.6232278908599113,0.9160286
158,0,0.9644364,0.7137595919993072,0.96543294
159,1,0.9689829,0.5298345325202466,0.99563295
160,0,0.95947117,0.7337016336135098,0.96088195
161,1,0.712085,0.3832471926593545,0.74906147
162,1,0.96518075,0.683632685214492,0.9870156
163,1,0.92037183,0.4943088555160249,0.9502983
164,0,0.8875432,0.6131480669303867,0.96142983
165,1,0.968659,0.6999727864926599,0.9779609
166,1,0.95753783,0.8648397481433928,0.96955293
167,1,0.932749,0.6965705958226261,0.9847652
168,1,0.7937171,0.5024646266196332,0.756629
169,1,0.97382253,0.7449071157070024,0.9500404
170,0,0.5130315,0.2770228534489576,0.38666183
171,0,0.70990795,0.2864926320251808,0.8750284
172,1,0.9330253,0.8049670192531796,0.97633636
173,1,0.95312065,0.6237692314189882,0.88152796
174,1,0.8405406,0.3406351390223699,0.8177627
175,0,0.63220894,0.3275690357065348,0.80673045
176,1,0.8789746,0.3327280802206248,0.8959926
177,1,0.93106276,0.7770501911746581,0.89990205
178,0,0.48282453,0.3586508644694057,0.47732648
179,1,0.9649098,0.5621713669666584,0.9787539
180,1,0.9440997,0.5398127852925199,0.88735753
181,1,0.97191876,0.8317753059308416,0.9950353
182,1,0.872194,0.5806350958432087,0.9697159
183,1,0.65243673,0.3545365891526103,0.83855766
184,1,0.96158314,0.7276976588668507,0.9551371
185,1,0.9473291,0.4637655909292652,0.9609082
186,0,0.8903805,0.2432001220712112,0.9477903
187,0,0.94645035,0.6643353305300392,0.9555627
188,1,0.9739717,0.7629624188909196,0.9881654
189,1,0.89858496,0.4479000005157819,0.918038
190,1,0.7565912,0.5987728187906771,0.6731799
191,1,0.71971524,0.4579537463584939,0.8521334
192,1,0.9606944,0.6856809207987231,0.96249294
193,1,0.9657324,0.5674858387711575,0.9138121
194,1,0.96638644,0.7950002908173547,0.92212725
195,1,0.9499167,0.8069039779565909,0.9793855
196,0,0.8452596,0.3787834280058753,0.94007635
197,1,0.9366969,0.4421191980429149,0.9318934
198,1,0.9077071,0.5716381842098418,0.97848815
199,1,0.8867559,0.5934819725763422,0.9143818
200,1,0.9768398,0.8831816590303443,0.96854174
201,1,0.9485928,0.5817520843450044,0.9887066
202,1,0.96775204,0.678453038872829,0.9538652
203,1,0.9734237,0.7480940445756602,0.9750988
204,1,0.9422629,0.3849326311703936,0.9086786
205,1,0.8421404,0.4250016167514439,0.51213336
206,1,0.98657435,0.7691629388269194,0.9817115
207,1,0.9609504,0.809776334886936,0.89104104
208,1,0.95430803,0.5994912212057587,0.9637149
209,1,0.9099269,0.6716626345389463,0.9648474
210,1,0.9725809,0.8844909642710752,0.9729178
211,1,0.5362653,0.2811535252118552,0.3591908
212,1,0.70085216,0.357787836067123,0.6924508
213,1,0.9616534,0.610914428489268,0.97462827
214,1,0.9629062,0.4767902665324758,0.9812594
215,1,0.9889864,0.8140530417126808,0.9856328
216,1,0.93644774,0.6173075547236908,0.980293
217,1,0.9507957,0.5232143812824382,0.9368235
218,0,0.91078365,0.4553492087789444,0.92467815
219,1,0.97253317,0.6662708614578088,0.9595376
220,1,0.6358311,0.2980540927414313,0.4504944
221,1,0.9394443,0.6511479509445606,0.9663717
222,0,0.95098853,0.7229336995216346,0.9785549
223,1,0.93702006,0.6966403875268978,0.9736109
224,1,0.7637884,0.3483688555680637,0.6926264
225,1,0.82257915,0.4232072904564222,0.89591277
226,0,0.16617303,0.2006248943983162,0.1546975
227,1,0.95077837,0.5715001872964824,0.91919756
228,1,0.77884537,0.4692048698295875,0.83221245
229,1,0.968691,0.7800802215309139,0.98543835
230,1,0.8970618,0.378145309635938,0.9314412
231,0,0.8545635,0.428445871591329,0.8591909
232,1,0.9686089,0.7547824194007011,0.9502854
233,1,0.8830481,0.511586103589839,0.9282235
234,1,0.9517088,0.6187429119345333,0.9665109
235,1,0.935766,0.8009726019594164,0.9477761
236,1,0.92405653,0.4358698671678338,0.9109623
237,1,0.954697,0.7999987480639438,0.98719794
238,0,0.57040733,0.3221818812994655,0.29498616
239,1,0.92971694,0.7228736174449386,0.96361834
240,1,0.96331936,0.7617983671040082,0.97471094
241,1,0.93826646,0.8173226341987139,0.9224304
242,1,0.9184366,0.6089785823468399,0.912909
243,1,0.9575051,0.6979433319682774,0.9473958
244,1,0.92597556,0.5485767594877263,0.9183743
245,1,0.9390622,0.8152586010262054,0.92263025
246,1,0.8970894,0.612807312568471,0.9149578
247,1,0.8237122,0.4487556595694684,0.37779096
248,1,0.9463897,0.8034820086722316,0.9682657
249,1,0.84960496,0.5547493217371471,0.95890135
250,1,0.91131514,0.631877224501843,0.9388004
251,1,0.9698014,0.8148861431571739,0.9923471
252,0,0.84727275,0.377062747629184,0.71815664
253,1,0.9559413,0.7007119485468624,0.97458375
254,1,0.9745684,0.7640344263478547,0.98286957
255,1,0.40570173,0.337328583611085,0.65019935
256,1,0.8610543,0.4608380982937237,0.8689608
257,0,0.9703891,0.872804264559304,0.9494258
258,1,0.94683415,0.6577640771710205,0.96989757
259,1,0.94407874,0.6253332161920707,0.891155
260,1,0.98493344,0.7653064829367119,0.98998016
261,1,0.96685493,0.7899092717514822,0.97348624
262,1,0.9131577,0.3968370546854612,0.8504885
263,1,0.85506874,0.3776878580141284,0.82422477
264,0,0.88598704,0.5257583706562183,0.9706951
265,1,0.6884143,0.3834627649846189,0.90810275
266,0,0.6910253,0.3533165111044666,0.65896726
267,1,0.92881125,0.4887365429612048,0.9906843
268,1,0.48778117,0.3726944596665821,0.4062845
269,1,0.96948993,0.7384922316580858,0.97035563
270,1,0.9511339,0.7633936437767639,0.9535084
271,1,0.94986176,0.7805483665995067,0.9629571
272,1,0.9397208,0.5133604967716159,0.9523808
273,1,0.88973254,0.5993228627172151,0.86437243
274,1,0.9532097,0.6655649790490175,0.99321824
275,1,0.97230643,0.7704023935312901,0.9884688
276,0,0.8204219,0.3383843845402124,0.6039913
277,0,0.918949,0.4379837658115665,0.9357962
278,1,0.94191235,0.8150865169863326,0.94437414
279,1,0.95573723,0.795741302973867,0.9724373
280,1,0.81884015,0.5732918447403631,0.7523841
281,1,0.93573064,0.6971158563805299,0.95473
282,1,0.96881205,0.8681616234417906,0.9884926
283,1,0.92761946,0.5816846467108542,0.9706415
284,1,0.95815915,0.7252958894370998,0.9424977
285,1,0.9795421,0.8650692899171141,0.94722754
286,1,0.9561943,0.7798792641264646,0.95605195
287,1,0.9548891,0.7059696784843917,0.923848
288,0,0.23521231,0.2954529493589444,0.23593897
289,1,0.93936205,0.5274713338344741,0.9110629
290,1,0.92584753,0.6674715018860097,0.95420825
291,1,0.91050196,0.6654948388642096,0.94810987
292,0,0.9723771,0.8532869372792836,0.98845613
293,1,0.75863814,0.3436952073838655,0.9201076
294,1,0.9528031,0.663914344141291,0.959481
295,1,0.9225447,0.5989250487849117,0.90584904
296,1,0.9622991,0.7850376430676242,0.97657734
297,1,0.50102377,0.3236534473559601,0.217456
298,1,0.90485275,0.5701146211776026,0.954581
299,1,0.96191186,0.7383187125275837,0.99464357
300,0,0.94535303,0.7395208092782746,0.9727666
301,1,0.66094434,0.3992261091727055,0.48171932
302,1,0.97244924,0.5905748587750816,0.98137695
303,1,0.9362346,0.7864675351515286,0.9281264
304,0,0.9725875,0.851493697054835,0.9711954
305,0,0.61509264,0.2683812034863598,0.64192253
306,1,0.9220399,0.5603834180048066,0.90064436
307,1,0.9507665,0.7627396247972075,0.93204933
308,1,0.9767027,0.5505311931747655,0.9118692
309,1,0.3442717,0.3305382005566481,0.31477195
310,1,0.98004574,0.7417087701274343,0.9719368
311,1,0.94144684,0.6884434431547952,0.97610337
312,1,0.9622967,0.7199640709481726,0.9802832
313,1,0.85352945,0.4951748575756853,0.91653985
314,1,0.94867563,0.8022686264954765,0.97251874
315,1,0.9784878,0.828208191865772,0.9860071
316,1,0.82228637,0.406400020069648,0.6982724
317,1,0.83135307,0.4679581573100736,0.95485824
318,1,0.94109476,0.6545082505599437,0.9588224
319,1,0.9709353,0.8255002620053221,0.96532494
320,1,0.7074151,0.3522063672328731,0.5576002
321,1,0.9369324,0.6214580937040601,0.9789885
322,1,0.9368034,0.6430461254282934,0.9757632
323,1,0.31836328,0.2565991941670401,0.2267979
324,1,0.7164295,0.3945822163328438,0.8827185
325,1,0.9064094,0.6173294633754078,0.9272843
326,1,0.983963,0.8221149803948177,0.977732
327,1,0.9779287,0.7006507643097155,0.9917577
328,1,0.7917908,0.4384673132459945,0.7221517
329,0,0.7198441,0.3256375565720174,0.3649974
330,1,0.9496073,0.6462674755039194,0.9573134
331,1,0.92259336,0.5575158872334155,0.93023115
332,1,0.93880105,0.6192004192748425,0.9705968
333,0,0.5573755,0.2585533028142827,0.42078897
334,0,0.4733098,0.344065713299727,0.32970828
335,0,0.3560125,0.2479567323972123,0.2457046
336,1,0.8791542,0.5990384590354719,0.9355025
337,0,0.615528,0.3632583333965171,0.75379705
338,1,0.9851699,0.8475365426032119,0.99333936
339,1,0.9221573,0.5368512287194133,0.97671413
340,1,0.9588355,0.8124391903335697,0.90229833
341,1,0.94558156,0.6588834983084958,0.9914513
342,1,0.96553224,0.8833338193624698,0.9851441
343,1,0.93797714,0.5163933919600587,0.9310949
344,1,0.9581875,0.6574605484475422,0.9815911
345,1,0.9811439,0.734539818998692,0.9813433
346,1,0.976459,0.7676427319446242,0.9799147
347,0,0.77067536,0.3176884629534338,0.5580304
348,1,0.92802525,0.571984910762188,0.90702224
349,1,0.9390195,0.7992688254392067,0.9405026
350,1,0.9679529,0.6818628277875773,0.97878176
351,1,0.97296053,0.8400308818167231,0.967453
352,1,0.9218181,0.4856364679522498,0.95067865
353,1,0.9531882,0.775927003567313,0.9606192
354,1,0.929651,0.6213015493446961,0.9514845
355,1,0.89446837,0.3336648385783209,0.78108793
356,1,0.96558267,0.7872909159339002,0.94926935
357,0,0.46292275,0.2443630406864077,0.40344545
358,1,0.47879413,0.3983980820280468,0.1869854
359,1,0.9171555,0.442771694988802,0.85661596
360,1,0.9496905,0.438772636871378,0.91859883
361,1,0.9638228,0.8171895191922034,0.95925605
362,1,0.9731682,0.6843737158078663,0.98689497
363,1,0.92811877,0.5134170430882657,0.96579504
364,1,0.95073515,0.7138029587114068,0.9589249
365,1,0.48590726,0.5206874834384303,0.33976942
366,1,0.79359424,0.3559324282974316,0.6984599
367,1,0.97752684,0.8287571432880522,0.98311484
368,1,0.95380807,0.7192631030008283,0.990212
369,1,0.97730345,0.8281223455169978,0.994201
370,1,0.9680924,0.5485322361127398,0.98378456
371,1,0.9671276,0.8298919132002845,0.9829799
372,1,0.92288214,0.5975812369661258,0.9225781
373,1,0.9645856,0.7080601311556701,0.9791733
374,1,0.9271571,0.4412844273466514,0.8595553
375,1,0.89578336,0.5764525791459267,0.9702875
376,1,0.8502891,0.4684120807992269,0.95189804
377,1,0.95676625,0.6029220519783213,0.9628638
378,0,0.98636,0.7945615576218358,0.9791551
379,1,0.9661452,0.6992333136925849,0.9793108
380,1,0.9133166,0.7878508620148106,0.9770915
381,1,0.9032363,0.5226321618669212,0.85280657
382,1,0.79382217,0.4442042117569925,0.8513025
383,1,0.93141943,0.6049810154079204,0.9513916
384,1,0.9758362,0.632575391050572,0.9565038
385,1,0.93557584,0.6064211599693277,0.96251744
386,1,0.9056891,0.5327251787746287,0.9452022
387,1,0.9711318,0.7864356345405726,0.94128484
388,1,0.95755,0.7874280529326265,0.98913634
389,1,0.95757043,0.6803161556961959,0.9281725
390,1,0.94000447,0.4438005062737604,0.81521696
391,0,0.21813238,0.1493794462323071,0.08615435
392,1,0.9500589,0.6414244416173875,0.88658583
393,1,0.9633527,0.5728397211949533,0.9716894
394,1,0.7200717,0.4922304287241515,0.7395607
395,1,0.8711382,0.3926465728389159,0.7739229
396,1,0.9677848,0.6402073561781807,0.98050255
397,1,0.81085074,0.4290493604061245,0.7993737
398,1,0.94145566,0.752696043740021,0.9457144
399,1,0.8497393,0.4102718163013387,0.8888496
400,1,0.9616872,0.8209612655927955,0.99220484
401,1,0.97838086,0.7358205688327757,0.98672813
402,1,0.92873734,0.5586751244309721,0.9273988
403,1,0.89314246,0.4541396305682632,0.6445017
404,1,0.95266515,0.7757729230369474,0.957713
405,1,0.9374581,0.6395989763397402,0.9764484
406,1,0.40384883,0.5196556780039729,0.24110317
407,0,0.7943482,0.3875838953626515,0.43683323
408,1,0.90778977,0.6290978578695762,0.9014501
409,0,0.12699752,0.1552921790090311,0.13064134
410,1,0.874168,0.4993737297910025,0.9456364
411,1,0.9363867,0.4080766745742001,0.5886845
412,1,0.7703639,0.3214870476979031,0.83047086
413,1,0.93650013,0.7170018891758972,0.9884654
414,1,0.9428814,0.4702655738703697,0.94088006
415,1,0.7122066,0.3206474191184871,0.9411223
416,1,0.9833733,0.880286073520722,0.99653316
417,1,0.958165,0.651420174809062,0.9831445
418,1,0.97947943,0.7248433827022962,0.96941805
419,1,0.89272654,0.49613779365289,0.84964836
420,1,0.9731045,0.49729171538274,0.9520992
421,1,0.89567465,0.4052802627975355,0.874762
422,1,0.9619846,0.7301434995268069,0.96765244
423,1,0.90453815,0.695971256037518,0.95245117
424,1,0.92360145,0.4464165038507862,0.9671942
425,1,0.8875887,0.5224966425963173,0.9650584
426,1,0.96134925,0.8605992246210838,0.9568747
427,1,0.911108,0.5853628157548448,0.7854191
428,1,0.9482132,0.5733789449358004,0.9287598
429,1,0.9446332,0.7292496971878812,0.9185723
430,1,0.9777106,0.6225314090800841,0.9714485
431,1,0.8772459,0.3758384181376895,0.81781596
432,1,0.93861866,0.5626803208565779,0.9769607
433,1,0.92308664,0.6911204784364058,0.9566014
434,1,0.9712521,0.8255447753740458,0.9718482
435,1,0.9430148,0.6967500501282141,0.9422729
436,1,0.8193463,0.4600011185595155,0.80318165
437,1,0.96765864,0.6743854123101602,0.96284753
438,0,0.25183403,0.1529462815616629,0.25147516
439,1,0.95112586,0.7137398343543825,0.95767397
440,0,0.7942902,0.4349349385233724,0.86514825
441,1,0.9041444,0.5980904195047229,0.8870147
442,1,0.97467935,0.8989667710157446,0.97280383
443,0,0.406028,0.2716184043995586,0.37593842
444,1,0.9156671,0.6299053340639567,0.98390144
445,1,0.9552157,0.7118230155472927,0.9647869
446,1,0.9360312,0.551874854337814,0.952835
447,1,0.97973055,0.7765977227412737,0.9482518
448,1,0.96201324,0.6126124003498116,0.957475
449,0,0.94208986,0.8331460609241155,0.9670186
450,0,0.36905533,0.1924202757731012,0.17458647
451,1,0.7082546,0.3565969229166078,0.44958785
452,1,0.93645924,0.758329007555433,0.8887473
453,1,0.9754326,0.8668614397118405,0.98107564
454,1,0.9392214,0.7105127674229981,0.9458394
455,1,0.9225975,0.5584285090614841,0.88808167
456,0,0.95711327,0.7561845271364469,0.9448189
457,1,0.96344256,0.7316408887948035,0.9843891
458,1,0.9608445,0.6195370378793591,0.9727779
459,0,0.9399142,0.7612260468526436,0.9960316
460,0,0.47350442,0.1547527070957293,0.20874909
461,0,0.90612566,0.4221398018286408,0.9466265
462,1,0.9106521,0.6135358612715937,0.94520146
463,1,0.9018123,0.4810246230672257,0.84228915
464,1,0.95771605,0.8625731034897843,0.96325916
465,1,0.8800421,0.4483656436079218,0.9458185
466,1,0.94360226,0.6642162804803486,0.97892225
467,1,0.94774324,0.4894530761800189,0.92621666
468,1,0.9606487,0.8704412953396949,0.9321225
469,1,0.95691127,0.7928200586112876,0.9832646
470,1,0.891603,0.3888139426984728,0.8705833
471,0,0.47989872,0.2341250606597182,0.56268114
472,0,0.74491394,0.4655301649393026,0.77073205
473,1,0.9553094,0.5833608336501903,0.96292037
474,1,0.7526431,0.5697704331308463,0.75504875
475,1,0.93797904,0.6524313212151273,0.95186013
476,1,0.91606224,0.513559248204157,0.9783887
477,1,0.9782006,0.8615570326000004,0.99148786
478,1,0.9475758,0.5386862247294045,0.969726
479,1,0.97345746,0.8398988763393087,0.9749615
480,1,0.9736016,0.8175624906284195,0.99319965
481,0,0.19000417,0.2559397448188285,0.20424052
482,1,0.8648373,0.6536178604644598,0.89696515
483,1,0.8787537,0.5589637974356984,0.96055394
484,1,0.95066506,0.6973585534929702,0.9564088
485,1,0.924231,0.7147310594547988,0.9660252
486,1,0.622082,0.3100664388097768,0.44830212
487,1,0.90373456,0.6876386754669147,0.9319608
488,1,0.92145824,0.7116732298603589,0.9637375
489,1,0.9833448,0.8863713079270559,0.974242
490,1,0.95025283,0.5508104065639952,0.9377763
491,1,0.94226533,0.6754162997032381,0.9635723
492,1,0.533269,0.3179790912758345,0.41029593
493,1,0.9762992,0.792650646315746,0.981174
494,1,0.9603585,0.6088250576642049,0.8936431
495,1,0.93409675,0.5498877847215192,0.9155339
496,1,0.9492071,0.7552554159425489,0.9518894
497,1,0.7663532,0.3599775286751377,0.36336777
498,0,0.8539364,0.4062657191753832,0.7858586
499,1,0.990152,0.8929747095696188,0.9925012
500,1,0.6472813,0.3251890483080902,0.3912278
501,0,0.890589,0.4637937811312547,0.88325703
502,1,0.9503347,0.6629569726360427,0.9895399
503,1,0.9565537,0.8268914523988903,0.96295965
504,1,0.9622689,0.6917793049477045,0.97338235
505,1,0.8739426,0.3717452271318813,0.38033432
506,1,0.9433838,0.6271531923077613,0.8969497
507,1,0.9380043,0.6666221946464483,0.9654188
508,1,0.83351666,0.5100686770317958,0.7526747
509,1,0.91260415,0.4371417567761019,0.90202993
510,0,0.90374833,0.4296482095113271,0.94914865
511,1,0.95936036,0.8018697572452533,0.981087
512,1,0.9566991,0.8489826339375576,0.98509127
513,1,0.96996456,0.6854011796113307,0.9581248
514,1,0.9313883,0.5334203280600971,0.9344537
515,1,0.9630066,0.8729767477208558,0.97883624
516,1,0.97992367,0.8188553550190178,0.98206437
517,0,0.2075148,0.2087613573943335,0.10443412
518,1,0.8956717,0.4459039928392913,0.8776758
519,1,0.96073794,0.5687664321648052,0.97476566
520,1,0.5790783,0.3055684025748363,0.4947322
521,1,0.98152184,0.6857935137959121,0.9452123
522,1,0.96074307,0.7129899005750707,0.98072666
523,1,0.94610506,0.8483272486019084,0.9183247
524,0,0.56124747,0.2504876026106417,0.8977895
525,1,0.94521874,0.5083277602556946,0.8949428
526,1,0.9056145,0.4540739156876605,0.94434893
527,1,0.9017151,0.3803374800089137,0.7010914
528,1,0.90384805,0.7072216820162555,0.9749126
529,1,0.92429614,0.7272572948239091,0.9727357
530,1,0.95296425,0.7955539092962105,0.991013
531,1,0.9317464,0.4484580328665771,0.9601845
532,1,0.95157117,0.5925370826897793,0.94490016
533,1,0.82611966,0.4448600336324796,0.8694568
534,0,0.9099596,0.5462595517840455,0.9573687
535,1,0.8529737,0.3866197887995903,0.9356872
536,1,0.8722265,0.6064168301395285,0.9192168
537,1,0.97073984,0.7970062289977318,0.9860496
538,1,0.23190112,0.1597668443660977,0.279956
539,1,0.95779616,0.6671229306791461,0.9437184
540,1,0.9493634,0.5222920297567073,0.98900187
541,1,0.9618165,0.7286040501969275,0.97137064
542,1,0.9748059,0.7292764253273539,0.96550214
543,1,0.9643136,0.6819790856253538,0.97970486
544,1,0.92565924,0.5818655467043955,0.9685787
545,0,0.396265,0.257647107032492,0.33264446
546,1,0.88486,0.441943772093726,0.92455953
547,1,0.95636636,0.6045123864833989,0.96611106
548,1,0.9449172,0.6261716465524382,0.93162185
549,1,0.97942793,0.8365161886016663,0.99253803
550,1,0.95961314,0.689513998935254,0.9585666
551,1,0.91144615,0.6704094474841422,0.9710707
552,1,0.9401226,0.5291256973039778,0.98414004
553,1,0.9754414,0.5676090321536761,0.9721637
554,1,0.9783368,0.8807990371513721,0.98611915
555,1,0.35775596,0.1840694503046409,0.1443853
556,1,0.98549193,0.8441893252998935,0.9586675
557,0,0.18645102,0.2302442851068161,0.17813519
558,1,0.9701532,0.7480977576232115,0.9688357
559,1,0.9762392,0.8038802772318482,0.9936852
560,1,0.91975075,0.5301984130075278,0.92799747
561,1,0.96888113,0.7950684006287801,0.9671783
562,1,0.9639398,0.8208810926979273,0.9368682
563,1,0.90452033,0.458945847649241,0.98736435
564,1,0.96705616,0.7015534220986909,0.94367075
565,1,0.902635,0.7142418864773398,0.90763015
566,1,0.37292588,0.3426530132446179,0.7312942
567,1,0.9790493,0.7540972702750626,0.99075025
568,1,0.83678335,0.5352313633319582,0.9377216
569,1,0.95704764,0.6685554698116069,0.97879684
570,1,0.8826404,0.5053891261851026,0.9272183
571,1,0.88132685,0.4492026235685287,0.96566296
572,1,0.97976637,0.8259406975393567,0.98010445
573,1,0.8412365,0.3558384785885141,0.952184
574,1,0.9294771,0.7618726996645692,0.9308017
575,1,0.8450709,0.4687100821628132,0.8974438
576,1,0.935112,0.5752153541939691,0.88194513
577,1,0.88551444,0.4536584626842707,0.7943231
578,1,0.94667506,0.8574212504084969,0.95386255
579,1,0.96398026,0.7058833578044383,0.97015566
580,0,0.9515518,0.7498800867846284,0.9640582
581,1,0.8777851,0.6543698788672447,0.903136
582,1,0.9473387,0.6869890935524909,0.95854306
583,1,0.93539166,0.4931846359471593,0.92532504
584,1,0.9652829,0.7018197069247912,0.94295436
585,1,0.9012781,0.5644484748028371,0.93446445
586,1,0.91431886,0.682834035499778,0.97510546
587,0,0.12866127,0.2413928646884615,0.16584046
588,1,0.9263047,0.6198541763635216,0.9584114
589,1,0.94850075,0.7976522759230985,0.95569736
590,1,0.9224177,0.6684522245400506,0.9747627
591,1,0.90494883,0.6484906392433256,0.92611825
592,0,0.48753923,0.2329515395396655,0.21736759
593,0,0.68337774,0.3207466976496454,0.8915282
594,1,0.9467922,0.5744897868698567,0.96472675
595,1,0.9265299,0.5540463919402128,0.93946815
596,1,0.9526174,0.722814014315638,0.9783383
597,1,0.9628358,0.5684443768292462,0.96440804
598,1,0.8885621,0.4259869919545232,0.93256366
599,1,0.95005774,0.7751980002672633,0.95717007
600,1,0.8672744,0.3746687677817125,0.81740665
601,1,0.9787612,0.8138617594545852,0.92511356
602,1,0.91323006,0.4528408512382953,0.9372589
603,1,0.9669347,0.5800564790340003,0.9903287
604,1,0.9659256,0.7693851137788155,0.9736848
605,1,0.9339857,0.5355288794585921,0.9585943
606,1,0.91370845,0.6217379233538997,0.9686104
607,1,0.9651712,0.713529206029848,0.9572077
608,1,0.8939389,0.4171093349553426,0.94599885
609,1,0.9242451,0.5627907663967896,0.96041363
610,1,0.9167505,0.4309657217426524,0.9442252
611,1,0.9476115,0.6382082459872958,0.9866594
612,1,0.9625685,0.8114986549568715,0.9117596
613,0,0.83323836,0.3952462161314475,0.8997127
614,0,0.8677087,0.3246466847713448,0.8098666
615,1,0.95174134,0.8249020779228001,0.9835384
616,1,0.947628,0.7370824089980617,0.90387887
617,1,0.93384916,0.7317430435268751,0.9661546
618,1,0.9189853,0.5937179653133772,0.8817822
619,1,0.9795874,0.7656707803770579,0.9914095
620,1,0.8952863,0.526005929291621,0.93572354
621,1,0.8836388,0.6674419635845898,0.9552822
622,1,0.9450835,0.4583321653716904,0.88686156
623,1,0.95769095,0.8638213958478561,0.9449806
624,1,0.9768322,0.8338071563843635,0.9780568
625,1,0.8569214,0.5957261822443999,0.9530015
626,1,0.96089846,0.5622958633671531,0.9718569
627,1,0.95516765,0.6482631119644746,0.88822085
628,1,0.96043366,0.6485357822067402,0.9691639
629,1,0.9210941,0.6647048826937849,0.92395777
630,0,0.73361564,0.269564414685716,0.90504384
631,1,0.86722064,0.5072990248035425,0.8831432
632,1,0.95050335,0.5920756078478543,0.96198034
633,0,0.46402428,0.3910701922852482,0.65316045
634,0,0.7409996,0.3499246611503099,0.28080204
635,1,0.92903435,0.7055364853780384,0.9572926
636,1,0.9777675,0.81303884656732,0.989298
637,1,0.9475785,0.6990648509975165,0.9838538
638,1,0.7485891,0.4575535544916303,0.7494867
639,1,0.9644342,0.7994678735710137,0.98130405
640,1,0.9568912,0.6725657200776753,0.9694486
641,0,0.98442614,0.7317047175250662,0.9846423
642,1,0.42100024,0.5027726769165821,0.32285285
643,1,0.93205607,0.6725471730510294,0.98388463
644,1,0.6610708,0.6292499257796977,0.848298
645,1,0.8496452,0.6494563945700963,0.9383642
646,1,0.92830837,0.7284315834206982,0.95895594
647,1,0.93701994,0.4069404174081726,0.93145955
648,1,0.86717725,0.4104437885311705,0.8765728
649,1,0.8619896,0.4724267267559553,0.9330485
650,1,0.9862797,0.8257499293851996,0.9971624
651,1,0.97798294,0.7739690948903812,0.98401695
652,1,0.97878087,0.7671663906576714,0.96485835
653,1,0.8782858,0.558921467954235,0.96806407
654,1,0.9566161,0.7683251741418572,0.9599173
655,0,0.9410248,0.4838286765286826,0.9635221
656,1,0.95538044,0.571329440249157,0.9407468
657,1,0.3010157,0.2125180071975468,0.25145033
658,1,0.95353806,0.6185343861229392,0.97466415
659,1,0.9667909,0.7008663841897719,0.9908688
660,1,0.9741012,0.8423999418057173,0.9898315
661,1,0.8848863,0.4077096909051003,0.773912
662,1,0.8184774,0.3041085298719633,0.6188215
663,1,0.9486173,0.6685815137651702,0.98277044
664,1,0.8087919,0.4624582471220461,0.88411784
665,1,0.96953386,0.7968245105018208,0.98844236
666,1,0.9567198,0.8559005299449702,0.986797
667,1,0.87377125,0.4954519206044692,0.9642086
668,1,0.8876982,0.4883158740285537,0.9153696
669,1,0.95092577,0.6342962888740614,0.96391755
670,1,0.96753955,0.6278373217798862,0.9706336
671,1,0.93976676,0.7533255611481593,0.98050094
672,1,0.9678478,0.8872219194415141,0.95702225
673,1,0.9500509,0.5619349184057894,0.91009545
674,1,0.90849143,0.519170978158226,0.7770506
675,1,0.7571205,0.3550930715286864,0.5102488
676,1,0.9012186,0.5332507835145528,0.9489709
677,0,0.8986187,0.354674846503436,0.56811446
678,1,0.6752517,0.3636260480298267,0.76331383
679,1,0.93565,0.5245328314008196,0.89392525
680,1,0.97368807,0.7450044530328661,0.9598602
681,1,0.93338245,0.52614274807022,0.96097463
682,1,0.8797994,0.6665104307986334,0.9714938
683,1,0.9172989,0.4392054807699233,0.9476607
684,1,0.9392975,0.4722618130230194,0.9056868
685,1,0.93072975,0.6714643956092679,0.9662979
686,1,0.9684073,0.7410037531476973,0.9506679
687,1,0.95406985,0.7628369871101213,0.93773943
688,1,0.9685527,0.793467813483783,0.97396165
689,1,0.91709995,0.4558742531797282,0.94606787
690,1,0.92014635,0.578240334959897,0.9206123
691,1,0.88001233,0.6195729790519827,0.9384355
692,1,0.8882594,0.5362208850704628,0.9480952
693,1,0.92191947,0.5902782355479277,0.9474006
694,1,0.91994977,0.5706498736567923,0.9557148
695,1,0.94097835,0.4430179940397022,0.9750484
696,1,0.8806535,0.4819940534355286,0.8917368
697,1,0.861369,0.4845856193324395,0.8191688
698,1,0.84198016,0.3435984489778473,0.6544637
699,1,0.96590936,0.7455976868011499,0.9744915
700,1,0.98694307,0.7974355604089468,0.9815245
701,1,0.92334926,0.5384877111254092,0.93728346
702,1,0.5611962,0.3470885117776489,0.7177227
703,1,0.8570471,0.4126062085781862,0.5843173
704,1,0.95978713,0.700237112584049,0.94760287
705,1,0.9495821,0.5958047434042739,0.97401106
706,1,0.6949026,0.3453374931929975,0.9088338
707,1,0.9648977,0.8643465017705744,0.983502
708,1,0.9776813,0.7148886677536556,0.96473235
709,1,0.8904299,0.6860766963766186,0.95863026
710,1,0.811856,0.3222009807762335,0.7245614
711,1,0.9702462,0.6315097168877559,0.9866862
712,1,0.9722589,0.8756239602957882,0.9760345
713,1,0.89933157,0.4832359086531912,0.9642334
714,1,0.95173717,0.7953476806739711,0.88887775
715,1,0.96516305,0.7086486234583076,0.99135625
716,1,0.87197304,0.609272994079026,0.79860413
717,1,0.9335097,0.5775802163705084,0.9692066
718,1,0.7083911,0.2913092605968108,0.47206718
719,1,0.96599585,0.5761012134497502,0.9429018
720,1,0.9489737,0.8227748374440604,0.9903714
721,1,0.94029784,0.6668489539847963,0.95033103
722,1,0.972383,0.8125868455119871,0.92752814
723,1,0.9801098,0.7361862774191635,0.97583663
724,1,0.88770646,0.5914535471254746,0.84201795
725,1,0.9579248,0.7520877067360449,0.9227756
726,0,0.887508,0.5901244080149105,0.9002099
727,1,0.8519843,0.3681731536287909,0.7504046
728,1,0.9609262,0.8030939901118371,0.98026776
729,1,0.9518696,0.8149907180927328,0.97527266
730,1,0.9447851,0.6232823453369644,0.9388909
731,1,0.91806024,0.5267598295991396,0.9609189
732,1,0.9632527,0.6078422239935941,0.9517529
733,1,0.9024569,0.4271604838796149,0.83987135
734,1,0.9713571,0.7720113362365109,0.9815595
735,1,0.91040176,0.5797142493873099,0.9643244
736,0,0.15581691,0.2129962128148166,0.25027484
737,1,0.96793115,0.8005384625102107,0.98370796
738,1,0.878689,0.6647637528050899,0.9663362
739,1,0.98706204,0.8480036428884208,0.98883295
740,1,0.8570539,0.4007531677610418,0.95233625
741,1,0.9748223,0.87516465796691,0.98897076
742,1,0.9273544,0.6156081979506199,0.97101015
743,1,0.95904225,0.733965563679086,0.97098505
744,1,0.92263305,0.6042178650997156,0.957919
745,1,0.9543309,0.7693343987296505,0.96957356
746,1,0.92937124,0.565810832758206,0.9476018
747,1,0.94870985,0.6217478959210223,0.9367383
748,1,0.87918675,0.4237556036444464,0.7217148
749,1,0.96474415,0.4358684805604919,0.96793526
750,1,0.9747826,0.8929650557146864,0.96300316
751,1,0.93153393,0.644339689072739,0.9405693
752,1,0.87641615,0.3896134518760666,0.9158864
753,1,0.9746063,0.8798277912589174,0.98097575
754,1,0.9188856,0.582027019126665,0.9512355
755,0,0.6466012,0.3722347112194447,0.24830864
756,1,0.8169477,0.4319518189787161,0.67005825
757,0,0.96410376,0.7780443542760015,0.96824855
758,1,0.70696324,0.3173396092019174,0.6850982
759,1,0.96766126,0.7439141705052081,0.9785136
760,1,0.9508457,0.7639016631764386,0.9823088
761,0,0.64553726,0.3608123078059981,0.37464976
762,0,0.82321703,0.4982474645314367,0.94733363
763,1,0.9599534,0.5391615732328519,0.986654
764,1,0.98190665,0.7666309783513625,0.9736347
765,0,0.97841257,0.745980246925655,0.9842228
766,1,0.93189436,0.6998891663925434,0.97320235
767,1,0.9625329,0.7998558529358679,0.9716418
768,1,0.898565,0.5911677068455479,0.9102779
769,0,0.36170578,0.1787003733807075,0.11509577
770,1,0.9433726,0.5969417136204233,0.9446939
771,1,0.96769965,0.6889048506290373,0.9873998
772,1,0.90784264,0.3297427473684182,0.8735889
773,1,0.9555026,0.6248446373524621,0.971601
774,1,0.979144,0.7472002236066585,0.9781121
775,1,0.931297,0.442595378309423,0.9725142
776,1,0.98039484,0.8424187314268999,0.99230814
777,1,0.95355326,0.7450200889228511,0.9775507
778,0,0.97311246,0.8280363356625187,0.94916034
779,1,0.9814835,0.7746388341670728,0.9876347
780,0,0.39173302,0.2495356660263103,0.2715237
781,1,0.95924187,0.8661535370686737,0.9792103
782,1,0.9453887,0.7485083754214785,0.9804668
783,1,0.9521939,0.7223466916148868,0.9011143
784,1,0.9892054,0.8391680220035186,0.9659968
785,1,0.8927932,0.6267311639926968,0.98659384
786,1,0.91227615,0.4400513964891837,0.8676477
787,1,0.9733837,0.7986822057019958,0.90734977
788,1,0.9404303,0.7263765306546378,0.9775065
789,1,0.8944611,0.5668635375250867,0.900448
790,1,0.9507686,0.6844164589797642,0.967124
791,1,0.9616934,0.6093911903601174,0.97068775
792,0,0.8670499,0.4833830403282249,0.8982096
793,1,0.6332057,0.3251716761722802,0.37504515
794,1,0.9636078,0.8255692381401735,0.97946703
795,1,0.97200763,0.6356972521138435,0.95448923
796,0,0.88704365,0.4533535319121547,0.890179
797,1,0.97453314,0.8209247188587506,0.9712866
798,1,0.9584848,0.7911098058850506,0.9640067
799,1,0.7762606,0.3992213311136667,0.5438377
800,1,0.92752504,0.617811636263405,0.91624695
801,1,0.9382631,0.720090483150015,0.92420024
802,1,0.93687904,0.583812553362899,0.9577273
803,1,0.95955586,0.706581296305877,0.99445796
804,1,0.97127134,0.7011448427149366,0.9687927
805,1,0.9540349,0.4556962591607593,0.9879247
806,1,0.9456344,0.7109069367619769,0.9644608
807,1,0.97898185,0.7800238428761,0.98962605
808,1,0.70972145,0.3336639312445557,0.6330466
809,1,0.9346107,0.5174663689668874,0.9447442
810,1,0.9293539,0.6432457147741348,0.9413675
811,1,0.93709886,0.7535131208952716,0.93983245
812,1,0.58182955,0.4196139191529118,0.29723713
813,1,0.9606937,0.5881331386374444,0.97812325
814,1,0.95432645,0.6480539284069714,0.9839379
815,1,0.95311606,0.6167064894145055,0.9547024
816,1,0.95865095,0.7202428614533601,0.92394423
817,1,0.9513611,0.7410986423843545,0.94466317
818,1,0.97309494,0.8744473730385797,0.93393326
819,1,0.96034336,0.5899706419976686,0.98207814
820,1,0.77775764,0.5266420474661658,0.96883976
821,1,0.9692865,0.7174011023427727,0.9463435
822,1,0.95620465,0.7166125607879088,0.96771425
823,1,0.9364048,0.5260974553683151,0.9630086
824,1,0.7477246,0.4029371898739214,0.89367914
825,1,0.93324274,0.6154421215046711,0.9496018
826,1,0.9534269,0.6374344175424397,0.9831346
827,1,0.96776813,0.5730645426385803,0.96352106
828,0,0.660993,0.2550008402121125,0.3064248
829,1,0.9732573,0.8636338134728774,0.9762872
830,1,0.9643441,0.6669856951982805,0.98032284
831,1,0.84873456,0.3503739482497023,0.89613736
832,0,0.94108963,0.5404329782464488,0.86410815
833,1,0.97085893,0.4772977178939942,0.98660463
834,1,0.9319921,0.7501757029844671,0.9425543
835,1,0.9127993,0.6026734649575058,0.91780156
836,1,0.9430427,0.7236726309975456,0.9037098
837,1,0.90389097,0.5239492500104751,0.9656645
838,0,0.83189577,0.3392069481041625,0.9721906
839,1,0.9664416,0.7581698225587956,0.9678917
840,0,0.05874913,0.0762729221146046,0.08584453
841,1,0.9231466,0.5414217335385672,0.9329657
842,1,0.21750133,0.405813612311743,0.63468146
843,0,0.69476545,0.3111677668340159,0.7293968
844,1,0.95104605,0.8084095487760522,0.99099886
845,1,0.9165959,0.7834709795160606,0.9472923
846,1,0.9600637,0.7177513094447465,0.92010766
847,1,0.9175023,0.6345683758779583,0.9817993
848,1,0.9554261,0.4556428980255011,0.98067814
849,1,0.91126657,0.6915716547618805,0.91485894
850,0,0.85760933,0.3186963022390526,0.62707263
851,1,0.9223326,0.4169138725539513,0.9135499
852,1,0.9615757,0.8737194941274663,0.92567044
853,1,0.97547084,0.7440229276691644,0.9769907
854,1,0.96132165,0.6825806960011378,0.9636244
855,1,0.9441284,0.738455494458418,0.97673076
856,1,0.9627854,0.6633027639919059,0.9620716
857,1,0.769965,0.5175870519407344,0.71899414
858,0,0.7418014,0.4442391878189625,0.9350555
859,1,0.9411483,0.6371125289047612,0.913175
860,0,0.9148787,0.2918345237006139,0.8806659
861,1,0.9345232,0.6245194014267692,0.9494098
862,1,0.9381331,0.6989922695218823,0.9542582
863,1,0.8451051,0.6071683662147437,0.9520059
864,1,0.9720443,0.8261953113536311,0.9773542
865,1,0.93099385,0.6777086371059673,0.951622
866,1,0.8915122,0.4026414551225142,0.7545063
867,1,0.97796756,0.7610979631578656,0.94239116
868,1,0.8940841,0.4746062467626252,0.86905456
869,1,0.9793666,0.867680693912117,0.9868313
870,1,0.8293071,0.5113480898200884,0.9642794
871,1,0.8080395,0.4203464708349962,0.80282
872,1,0.95866644,0.6372989176798585,0.95582175
873,1,0.8576286,0.4340101648735835,0.8759367
874,1,0.9289681,0.6308970703002847,0.9752084
875,1,0.9634705,0.8330133041961468,0.9289374
876,1,0.915568,0.7309542141073404,0.95407856
877,1,0.97630155,0.7152399175087862,0.94900584
878,1,0.97435284,0.8233597479384553,0.948311
879,1,0.93348604,0.5035339955845893,0.9203133
880,1,0.7938879,0.4370050729988653,0.9201385
881,1,0.9763415,0.7372701357444743,0.975947
882,1,0.9705585,0.6519781328702252,0.9262667
883,1,0.98041356,0.8695795422981181,0.98608077
884,1,0.79714036,0.3953347207048622,0.8695336
885,1,0.91840583,0.6162500883819311,0.738384
886,1,0.8552805,0.6093054836173178,0.9792398
887,1,0.938058,0.7035948697325626,0.9630452
888,1,0.9272802,0.3712030550284753,0.96568763
889,1,0.9425248,0.5485331492373652,0.9777541
890,0,0.71625066,0.1884329832832169,0.61106515
891,1,0.96968454,0.6723965527096861,0.9341614
892,1,0.9730387,0.6575961498308506,0.935333
893,1,0.7429896,0.4633701833983491,0.60682017
894,1,0.59743184,0.3442455599330571,0.607433
895,1,0.9577889,0.6868243505055106,0.9910076
896,1,0.6671329,0.5220962780669104,0.6048764
897,1,0.8989112,0.5444834600113586,0.9737361
898,0,0.1780456,0.2589797777011044,0.19808896
899,1,0.88100374,0.4640834586137233,0.90005636
900,1,0.9509305,0.6766460449579301,0.9673208
901,1,0.97101593,0.7672536931998198,0.98829275
902,1,0.95158833,0.7178202877477875,0.9875338
903,1,0.9582638,0.776713918686702,0.96780694
904,1,0.8682431,0.4497366422378009,0.89554435
905,1,0.9849211,0.86000907627847,0.98902553
906,1,0.9364059,0.793505448749553,0.9860249
907,1,0.9463561,0.7358253511423815,0.96516365
908,0,0.9616397,0.4076770727682616,0.9016013
909,1,0.93851584,0.7335421680821884,0.9739066
910,1,0.9033343,0.6269808738441021,0.95908815
911,1,0.89503646,0.5279589790241136,0.8187168
912,1,0.84050083,0.3765523367458466,0.5846898
913,1,0.9668382,0.7008552527090406,0.98574334
914,1,0.9193979,0.5735970010651141,0.9761478
915,1,0.9188853,0.7596436739155188,0.9011565
916,1,0.9477688,0.8514533521005087,0.9715954
917,1,0.9745106,0.8866697705000863,0.986429
918,1,0.8969327,0.3134312962531321,0.8966261
919,1,0.8960027,0.4669376918210833,0.8500147
920,1,0.96642876,0.8575614603839302,0.94904846
921,1,0.9520361,0.6018136565625458,0.9808202
922,1,0.9505404,0.7417901039349322,0.9145987
923,1,0.96065795,0.7832540015706412,0.96676075
924,1,0.9719035,0.7233614485961319,0.9574164
925,1,0.828874,0.3089240159090947,0.65478987
926,1,0.5075239,0.3540119606957015,0.35293105
927,0,0.83170664,0.2198426647129982,0.766148
928,1,0.90760154,0.323383250805353,0.8117956
929,1,0.94952637,0.7404293511630584,0.97201186
930,1,0.9800861,0.8040862074269252,0.9382782
931,1,0.95914227,0.6014612565234597,0.9378541
932,1,0.9820198,0.7346562613596939,0.9624505
933,1,0.96479684,0.7415694166333371,0.9821708
934,1,0.94497234,0.4466733814056169,0.92072463
935,1,0.9497255,0.7348016334679494,0.9619286
936,1,0.94265574,0.6398215600846057,0.95391953
937,1,0.97512805,0.8952620254378713,0.9770542
938,1,0.4399032,0.2423270496527565,0.33120784
939,1,0.95652354,0.725517874004685,0.9223533
940,1,0.97009194,0.7520921975500551,0.9696852
941,1,0.9591868,0.8219692066936192,0.98493725
942,1,0.90496296,0.636546671908918,0.9780527
943,1,0.9692539,0.7906741325469255,0.982463
944,1,0.96004575,0.6808961403177803,0.98803014
945,1,0.9499097,0.815371705246911,0.9458812
946,1,0.97088873,0.7371545944771659,0.97550344
947,1,0.96699345,0.7084934168842209,0.9624553
948,1,0.89335823,0.5256903552689198,0.9457218
949,1,0.88532215,0.5143595655598084,0.9051345
950,0,0.847525,0.4079450418940172,0.88529205
951,1,0.9440787,0.6723346808997008,0.90643305
952,1,0.9689256,0.7304857127553035,0.9836512
953,1,0.9371282,0.6100902495106488,0.94340414
954,1,0.97856903,0.737911847766259,0.9465848
955,1,0.9390061,0.6371562457869054,0.98935294
956,1,0.9504312,0.7533099073813089,0.9428575
957,1,0.9758533,0.7746830331302795,0.9492057
958,1,0.94193757,0.6682210405717219,0.9589848
959,1,0.94076484,0.6684153678980658,0.9293834
960,1,0.95886254,0.6631634003987742,0.89991015
961,1,0.9504528,0.6943995140996239,0.9603367
962,1,0.8706517,0.4733630814144702,0.93546766
963,1,0.9322491,0.5751563286274118,0.9645423
964,1,0.8879579,0.4793843204106499,0.79359394
965,1,0.97591376,0.7759222659116848,0.95073545
966,1,0.95922065,0.7332040089816185,0.9880121
967,1,0.93176484,0.7050136119213799,0.9834789
968,1,0.9384518,0.6108210696485379,0.97912437
969,1,0.9873831,0.7966071977147776,0.9889038
970,1,0.9638885,0.7631932212214969,0.9624457
971,1,0.8872052,0.3442901211402659,0.95881945
972,1,0.94192654,0.7683688066823445,0.93685186
973,1,0.930297,0.6550340125595662,0.94182265
974,1,0.98612195,0.7842605453435855,0.99253935
975,1,0.9553221,0.7564465153987292,0.9364672
976,1,0.97068393,0.7438220453775193,0.98406965
977,1,0.93007344,0.4530561415996057,0.93491477
978,0,0.3926165,0.2921659901610097,0.73647195
979,1,0.97857547,0.8510924149963646,0.95766205
980,1,0.9818901,0.8556108289357933,0.9741105
981,0,0.7892021,0.3246209263854356,0.7563651
982,0,0.9240556,0.5523581928602396,0.9218492
983,1,0.84427136,0.5421016130478719,0.81205344
984,1,0.73283273,0.3362256405484171,0.29979172
985,1,0.92567134,0.578182411157479,0.9828251
986,1,0.9282461,0.6312123159527903,0.95439935
987,1,0.96562266,0.6981303385833335,0.9809545
988,1,0.9438007,0.5839054225616634,0.9672732
989,1,0.8940512,0.4960627932688747,0.9120813
990,0,0.5197656,0.2386048407238004,0.25984067
991,1,0.9144337,0.5065852047446654,0.918656
992,0,0.63676107,0.2767760038463987,0.427671
993,1,0.9776094,0.7861057541651857,0.98976666
994,0,0.17577586,0.228249755749845,0.13964254
995,1,0.8828238,0.514778249694502,0.92776406
996,1,0.9679223,0.8062447330242146,0.97585356
997,1,0.846191,0.3557950151041789,0.8815555
998,1,0.9739111,0.7269824781177091,0.9622282
999,1,0.9844527,0.7919421331140568,0.98740923
1000,1,0.9535935,0.671512534649557,0.9052015
1001,1,0.92244256,0.6458264700688449,0.9604441
1002,1,0.95301116,0.5434914106428844,0.9703974
1003,1,0.9093679,0.4717079752650922,0.9256348
1004,0,0.53123987,0.3405517197023212,0.49616364
1005,1,0.9336522,0.587212261121574,0.95488864
1006,1,0.97825694,0.8328332182645198,0.9760282
1007,0,0.8853005,0.4699401420278965,0.94121563
1008,0,0.9739951,0.7280463429764289,0.9931265
1009,1,0.9602696,0.61731591966924,0.9698065
1010,0,0.24069409,0.2562866765205076,0.23544706
1011,1,0.90682876,0.5744089641065577,0.9594146
1012,1,0.9529622,0.7920508914210103,0.96407837
1013,1,0.9885201,0.8017879517997352,0.9939936
1014,1,0.96017075,0.8192137918203795,0.98778266
1015,1,0.97564894,0.6337629696717448,0.97885245
1016,1,0.8598324,0.5143182748538669,0.8491859
1017,1,0.9197033,0.7157269523188975,0.96357584
1018,1,0.9312225,0.761198939364519,0.91884947
1019,1,0.6999241,0.4173979132333133,0.8020372
1020,1,0.9107632,0.5972242262244218,0.9203947
1021,0,0.6995411,0.247520838579023,0.7882802
1022,1,0.9300453,0.5741505259263457,0.9608695
1023,0,0.8710218,0.5498151166493928,0.8948642
1024,1,0.9365564,0.6042930259123674,0.9756065
1025,1,0.93498206,0.7447040452283846,0.95633346
1026,1,0.9211541,0.4911802273884197,0.94203925
1027,0,0.8532739,0.3627161071567215,0.84770256
1028,1,0.9523806,0.7652947987217068,0.97184414
1029,1,0.94844717,0.7768120176938421,0.957549
1030,1,0.9155302,0.6881681165259306,0.931047
1031,1,0.9193206,0.5875064176696949,0.86331296
1032,1,0.96684223,0.6970697441258527,0.9816523
1033,1,0.8914162,0.4911057868182867,0.8078908
1034,1,0.96149987,0.8362971366142606,0.98661554
1035,1,0.88570344,0.6114281659899761,0.85118806
1036,0,0.91080725,0.7308152684100818,0.9298063
1037,1,0.97651064,0.7254186847392642,0.98370266
1038,1,0.95545757,0.7963693457732895,0.9508665
1039,0,0.95806634,0.5310177684745269,0.9760825
1040,1,0.9377661,0.7046689952312367,0.96670717
1041,1,0.97302693,0.5735233260579138,0.9331712
1042,1,0.95342237,0.661854243362382,0.96532136
1043,1,0.86268735,0.5799125822585974,0.8215137
1044,1,0.9706651,0.7655224867831544,0.94838965
1045,1,0.9486179,0.598502017618851,0.98177195
1046,1,0.9631554,0.866501736959708,0.9757037
1047,1,0.9557183,0.8104014971781442,0.9812409
1048,1,0.9563566,0.5378124660023149,0.9829717
1049,1,0.96475524,0.5346267121830034,0.92122513
1050,1,0.9453085,0.7836022463600302,0.9625246
1051,1,0.9837876,0.8962929048218972,0.9745321
1052,1,0.9770805,0.7194093791331972,0.9789609
1053,0,0.91708994,0.533119507230425,0.9095892
1054,1,0.88448703,0.3811977421452461,0.93449265
1055,1,0.9496794,0.7351153032815471,0.979992
1056,1,0.959824,0.7736028664103131,0.9382155
1057,1,0.5244893,0.3572274796308334,0.2605973
1058,1,0.92318344,0.6115168098361626,0.9619748
1059,1,0.98711616,0.8631711555642073,0.9952225
1060,1,0.95435095,0.6527093467661734,0.95758903
1061,1,0.89365447,0.6740934254781986,0.9524687
1062,1,0.96297187,0.8821062450939455,0.99122155
1063,1,0.9271289,0.6259692525438803,0.9701075
1064,1,0.931835,0.572325228928279,0.8891307
1065,1,0.9311005,0.4645006175552844,0.70745593
1066,1,0.9155016,0.6543607269352886,0.9121316
1067,1,0.9239305,0.7412951171341147,0.9808481
1068,1,0.9359423,0.6132982141537991,0.9580143
1069,1,0.88879263,0.526545528365446,0.85203713
1070,1,0.90883625,0.7989509326009598,0.9046681
1071,1,0.9710922,0.7116614859650482,0.97330374
1072,1,0.9276575,0.6680228402387796,0.96231186
1073,1,0.9508354,0.730417188749623,0.92518836
1074,1,0.97739846,0.8796488342300673,0.9881471
1075,1,0.67133284,0.3357672705442097,0.6408973
1076,1,0.861232,0.4277380255129208,0.892259
1077,1,0.93962765,0.7423299680124543,0.97069114
1078,1,0.9524943,0.6360151983051902,0.9755888
1079,1,0.954471,0.5786335137398742,0.9895383
1080,1,0.972903,0.761079804824948,0.9590996
1081,1,0.95490557,0.7335307796109847,0.9579351
1082,1,0.82705396,0.6226972208174989,0.91548187
1083,1,0.9652676,0.7754006233858066,0.94486034
1084,0,0.78821796,0.2155350993983043,0.89213085
1085,1,0.9759417,0.7362869840332348,0.9881997
1086,1,0.9768648,0.748654189805682,0.99467444
1087,1,0.96465975,0.7599983990443363,0.94674027
1088,1,0.88777876,0.4328963313419581,0.9080866
1089,0,0.96921235,0.5485413227496544,0.9659671
1090,1,0.9587396,0.6502007918306749,0.98582065
1091,1,0.94292957,0.6775869856636132,0.9693322
1092,1,0.90429556,0.6989855226710658,0.88817936
1093,1,0.82548064,0.471865529542325,0.9662781
1094,1,0.9358425,0.8249243309838643,0.9824081
1095,1,0.9202422,0.5326028154975357,0.93641376
1096,1,0.9763363,0.7431513251292281,0.97686356
1097,1,0.95083046,0.5731566849448201,0.9273794
1098,1,0.7144965,0.3146315328566064,0.6246674
1099,1,0.8874505,0.6311176424988262,0.96333873
1100,1,0.93113106,0.6553576169242146,0.96346736
1101,1,0.9492167,0.6681641963726027,0.9764814
1102,0,0.977268,0.8947363622813789,0.96925896
1103,1,0.9415993,0.8185107739137031,0.9123951
1104,1,0.968034,0.5515365334443372,0.9825616
1105,1,0.96393484,0.5028699025121758,0.95173204
1106,1,0.90585375,0.5711910754341919,0.9345386
1107,1,0.9610643,0.86205965250538,0.98768765
1108,1,0.94624335,0.5683796577685967,0.97448355
1109,1,0.94214964,0.480393196446729,0.94744396
1110,1,0.5335314,0.3423469339767455,0.2791935
1111,1,0.9519938,0.7760421527177976,0.95300347
1112,1,0.96671474,0.518312870173883,0.9905432
1113,1,0.93889123,0.7608758338062287,0.94671714
1114,1,0.92025614,0.5801936198870052,0.9340574
1115,1,0.9790765,0.8531282044860632,0.94692385
1116,1,0.93824816,0.5453046762817165,0.9246773
1117,0,0.30941528,0.2803496179428512,0.29530758
1118,1,0.9266101,0.5437774333625494,0.94857764
1119,1,0.8980164,0.488234285571398,0.9596545
1120,1,0.9629124,0.8038098664142458,0.9432002
1121,1,0.9805482,0.7232320808892896,0.9956963
1122,1,0.9796615,0.859599959447723,0.9837764
1123,1,0.9469972,0.6823798650715143,0.96970594
1124,1,0.93006563,0.5008357795916452,0.91164726
1125,1,0.9597771,0.6570119131080323,0.9752019
1126,1,0.9315671,0.8057505262293204,0.9488941
1127,1,0.98860097,0.8700978818852513,0.97501636
1128,1,0.91393876,0.5689202319977056,0.97619677
1129,1,0.9813733,0.8901402303623522,0.9924368
1130,1,0.92552835,0.6017210312676184,0.955804
1131,1,0.9121697,0.6129657114111519,0.94798034
1132,1,0.96560407,0.8359505313232716,0.9500222
1133,1,0.9242237,0.6111513364992377,0.9380576
1134,1,0.9625741,0.8140567411166924,0.9626868
1135,1,0.9162051,0.6525147182962395,0.94924754
1136,1,0.9624856,0.8610935964703211,0.99221486
1137,1,0.9792,0.700501942617025,0.96755457
1138,1,0.9463895,0.6858030713226845,0.9142967
1139,0,0.92916334,0.3125267249592981,0.84814894
1140,1,0.942999,0.684278799014213,0.94459754
1141,1,0.8180565,0.3679820923928338,0.8426175
1142,1,0.9597867,0.7575923311279487,0.9810611
1143,1,0.9200355,0.660665457306163,0.9262054
1144,0,0.8851621,0.3841407929558192,0.8069697
1145,1,0.9186433,0.579750320335498,0.93021476
1146,1,0.9419118,0.641803056725034,0.93898326
1147,1,0.9356127,0.7414704183333435,0.9398371
1148,0,0.43317568,0.2656965115941433,0.40883082
1149,1,0.94507927,0.6838716893944485,0.9122569
1150,1,0.97433513,0.7371356173438761,0.98472923
1151,1,0.9536279,0.8631399499723391,0.9537495
1152,1,0.97160286,0.7231945392594918,0.97512054
1153,1,0.9107307,0.5353782982236931,0.9181072
1154,1,0.8344292,0.3682932275010689,0.81945735
1155,1,0.98707855,0.8683057849862428,0.98163337
1156,1,0.7825332,0.5099005784451139,0.89326274
1157,1,0.9065455,0.4186841508355706,0.9514543
1158,1,0.9345029,0.7228542933440787,0.9449679
1159,1,0.8805187,0.6497959994801016,0.9594938
1160,1,0.9567651,0.661410890838234,0.9791077
1161,1,0.9466958,0.7652014197987407,0.96731335
1162,1,0.95354795,0.4591686282830316,0.8425598
1163,1,0.9347977,0.6998032945969075,0.85878885
1164,1,0.90360326,0.4358866634233582,0.94035167
1165,1,0.94860435,0.6093087402965142,0.90616006
1166,0,0.94344836,0.8091125607696209,0.9000128
1167,1,0.9769098,0.7153518940170208,0.97821313
1168,1,0.9088802,0.4839414676160549,0.95806736
1169,1,0.8617845,0.5310157639433212,0.8535781
1170,1,0.96930885,0.7995421636899471,0.98614734
1171,1,0.9358275,0.6395417142019051,0.9426005
1172,0,0.9687928,0.8628625240574614,0.9539347
1173,1,0.95843935,0.5300823510799922,0.8572549
1174,1,0.89245266,0.3533247796042767,0.9489848
1175,0,0.93521976,0.3958178724343075,0.962461
1176,1,0.67875403,0.3225126884058724,0.39322552
1177,1,0.9536538,0.7575289676288752,0.95984304
1178,1,0.9739544,0.8039642865148071,0.9929489
1179,1,0.930723,0.5171098340306669,0.95629966
1180,1,0.9621394,0.8352179596446497,0.98841745
1181,1,0.9205596,0.584859468253436,0.9590866
1182,1,0.97027475,0.8998900275255465,0.98821276
1183,1,0.9741111,0.699837186658137,0.9886896
1184,1,0.90430665,0.4994780458451287,0.95761013
1185,0,0.22870146,0.1463822246005,0.16297577
1186,1,0.9493624,0.7103725020840295,0.8933363
1187,1,0.8026762,0.3612342528346509,0.5295259
1188,1,0.96045643,0.5899117113989927,0.9696577
1189,1,0.9833732,0.8481701321773838,0.98128533
1190,1,0.9651504,0.7287883075539703,0.9724168
1191,1,0.8874838,0.3404860760402244,0.8560999
1192,1,0.9469836,0.7677390978624792,0.9224353
1193,0,0.9259041,0.4822397049821892,0.8800489
1194,0,0.93212986,0.6659968806504537,0.93305784
1195,1,0.8671529,0.4497786138629457,0.64119714
1196,1,0.68135977,0.502572735128218,0.8791716
1197,1,0.9260678,0.7897391143757697,0.9747969
1198,1,0.68717766,0.4133399074603556,0.89490724
1199,0,0.19603293,0.3474557764926532,0.11268812
1200,0,0.9724567,0.6305354215863874,0.9476693
1201,1,0.9290616,0.6245191615977297,0.8184942
1202,1,0.96049577,0.514616110631413,0.98091805
1203,1,0.96928895,0.646467096338124,0.9806594
1204,1,0.80468327,0.4457064433857039,0.8352015
1205,1,0.9643738,0.6399122807363427,0.9624461
1206,1,0.9379477,0.6354089752662321,0.9531032
1207,1,0.94851494,0.6258948034361191,0.96324724
1208,1,0.905633,0.560017836716809,0.9848904
1209,1,0.96163285,0.6410631158030856,0.947092
1210,1,0.89439553,0.5200489168523597,0.83140206
1211,1,0.9499896,0.620633425203866,0.9569847
1212,1,0.91261613,0.6497096139171529,0.9775598
1213,1,0.9833175,0.9007266738381382,0.99157155
1214,1,0.97076803,0.8322417232479172,0.9830641
1215,1,0.94623584,0.7619539880221555,0.97493196
1216,1,0.809131,0.4079840220136296,0.5933311
1217,1,0.909906,0.5458784737169657,0.95462817
1218,1,0.9730166,0.6908624431434598,0.9920657
1219,1,0.9637347,0.5531789240614995,0.9688418
1220,1,0.965307,0.6353541834875719,0.98797953
1221,1,0.95441175,0.6667503570920439,0.98547155
1222,1,0.79822016,0.3947479482978905,0.9082214
1223,1,0.9724783,0.8208869367057797,0.96567756
1224,1,0.8962798,0.5113102999624399,0.8852505
1225,1,0.8824414,0.7383170142000962,0.9642139
1226,0,0.29064542,0.1107919329566895,0.082552046
1227,1,0.97656363,0.8143375928303146,0.96830845
1228,1,0.91812235,0.6098446080092724,0.9111098
1229,0,0.8292353,0.4014635493109683,0.92357445
1230,0,0.941676,0.3981549957845565,0.84578115
1231,1,0.28348395,0.2959112315170336,0.16819006
1232,0,0.2643084,0.2546161698930034,0.2437642
1233,1,0.45547327,0.5040998350250956,0.3806662
1234,1,0.96691054,0.8514170770130371,0.972484
1235,1,0.80365425,0.4671338385912486,0.929889
1236,0,0.9100736,0.3198579082322677,0.73315966
1237,1,0.9740469,0.8506111954605629,0.97636545
1238,1,0.95138955,0.6527715031696228,0.95337516
1239,1,0.9172801,0.8183132111069462,0.9501224
1240,1,0.9296332,0.5536033696925962,0.9158432
1241,1,0.9654354,0.8838691070066761,0.9637855
1242,1,0.90448296,0.6766737659378153,0.9668142
1243,0,0.48720247,0.2474305229799032,0.47649604
1244,1,0.9454836,0.7618987142330225,0.9508153
1245,1,0.9632272,0.6106587634323327,0.97024745
1246,1,0.9419238,0.6610593412334081,0.93968296
1247,0,0.9447802,0.6985882258265181,0.9852769
1248,1,0.96991384,0.5945870170289989,0.9705365
1249,1,0.9250258,0.3627871224062194,0.93250394
1250,1,0.7421298,0.2731535677574481,0.42516297
1251,1,0.9147732,0.6561965578322736,0.95699877
1252,1,0.95667785,0.6342217071708571,0.967304
1253,1,0.9713146,0.8080518492475021,0.97306687
1254,1,0.9479924,0.5160537285976536,0.97458637
1255,1,0.9340569,0.5265197430543616,0.8802643
1256,1,0.97965634,0.6495865819456703,0.9871542
1257,1,0.9721804,0.7188735579192874,0.9740219
1258,1,0.9484774,0.4309608679146318,0.98089427
1259,1,0.86412954,0.531031502351654,0.8874218
1260,1,0.9667933,0.7610019825369844,0.9828662
1261,1,0.90354264,0.7893241798568609,0.89689827
1262,1,0.96391666,0.6975228595094508,0.96921754
1263,1,0.96996176,0.8133557069588802,0.9413784
1264,1,0.98180574,0.7384271158931871,0.9605447
1265,1,0.7293686,0.4632539606328246,0.35235143
1266,1,0.8922443,0.4538492103272381,0.9525745
1267,1,0.93914443,0.5916054082407282,0.940818
1268,1,0.7694354,0.3949629820864778,0.6199316
1269,1,0.96843475,0.6531193213296298,0.93679607
1270,1,0.9187453,0.4950493673545116,0.868285
1271,1,0.9000916,0.7081708115905136,0.9135359
1272,1,0.9452019,0.5716380120235769,0.9624088
1273,1,0.8722585,0.5969333257493756,0.92591494
1274,1,0.9474266,0.697757421950747,0.950213
1275,1,0.8334401,0.4204593393503701,0.58628035
1276,1,0.95214117,0.6037527572444438,0.98320687
1277,1,0.9692281,0.7388679546118863,0.9255592
1278,1,0.978431,0.8389993550202304,0.9817578
1279,1,0.97122335,0.6724843542676765,0.9039702
1280,1,0.9875007,0.892503480537794,0.9926668
1281,1,0.97590166,0.7672482523864149,0.9916353
1282,1,0.9098119,0.5015037983085607,0.96377337
1283,1,0.9387975,0.7527829005034306,0.9294601
1284,1,0.9880137,0.8641854455355651,0.9730482
1285,1,0.9741181,0.7448385303936712,0.9909865
1286,0,0.8641637,0.5193433959612983,0.96694213
1287,1,0.8761597,0.5586425771287271,0.957881
1288,1,0.9366218,0.5961317950075626,0.9834857
1289,1,0.95356977,0.5939941324918685,0.9627134
1290,1,0.98501337,0.8088565058434399,0.97987044
1291,1,0.96374774,0.8840197723654112,0.9800444
1292,0,0.9651637,0.880422757675108,0.9823851
1293,1,0.9588204,0.7227206638299246,0.9475687
1294,1,0.9552204,0.5141597242144709,0.9470782
1295,1,0.9640203,0.6765129912269744,0.9607578
1296,1,0.96638954,0.7016117322025087,0.9750944
1297,0,0.47440198,0.1862446493876651,0.45403957
1298,1,0.95023406,0.5389500626048164,0.9486848
1299,1,0.9366138,0.5931246263933144,0.9493533
1300,1,0.9162888,0.5839829926623117,0.9465674
1301,0,0.74163795,0.3206977405773697,0.5622114
1302,1,0.9463302,0.827483684946844,0.97948575
1303,1,0.8133102,0.5383407621044812,0.88935596
1304,1,0.7799592,0.4525775966984364,0.95819205
1305,1,0.92126906,0.5785073784200738,0.95479727
1306,1,0.90054834,0.6472383700691376,0.95780385
1307,1,0.93652153,0.5448857865563439,0.95967287
1308,1,0.965453,0.8602897611915119,0.9668997
1309,0,0.8257261,0.3640968810788715,0.88199234
1310,1,0.97971374,0.7665524601727329,0.9760416
1311,1,0.9488546,0.7819650553526217,0.9523452
1312,1,0.7998731,0.3971492819463205,0.60642517
1313,1,0.95416605,0.7833653103355946,0.9875471
1314,0,0.9746235,0.4654579807499758,0.98180115
1315,1,0.95850253,0.4909077284164702,0.96402055
1316,1,0.93262964,0.5763092258952565,0.9051624
1317,0,0.43470412,0.2571074365024026,0.23394398
1318,1,0.96716815,0.6952185768788655,0.9636808
1319,1,0.97624713,0.7635858247044308,0.97776264
1320,1,0.9605777,0.8850308727057186,0.96374214
1321,1,0.9782353,0.7525340103722452,0.992645
1322,1,0.9642175,0.7058175811075271,0.9663923
1323,1,0.91216844,0.4596947601006886,0.9606096
1324,1,0.90930325,0.7498212609760962,0.9334149
1325,1,0.9413769,0.543354193496212,0.96306777
1326,1,0.90734303,0.4826095898865798,0.95910525
1327,0,0.6347382,0.2637058809936427,0.6712214
1328,1,0.8909109,0.6926847514425023,0.98073775
1329,1,0.67281365,0.334881126271652,0.91704893
1330,1,0.97545224,0.6874590801041432,0.95455885
1331,1,0.83378327,0.5146389433097713,0.9325652
1332,1,0.91584426,0.457176303424111,0.91462
1333,1,0.9069461,0.5044658654387119,0.9388505
1334,1,0.96595144,0.8166836386469326,0.98266166
1335,1,0.95641595,0.7983743186699778,0.96879923
1336,1,0.8782039,0.393278159869362,0.9588037
1337,1,0.9533711,0.6857703781510824,0.9567426
1338,1,0.9403017,0.622616277716411,0.97419566
1339,1,0.96077734,0.6838892660082212,0.9586806
1340,0,0.9153932,0.3603966621506125,0.880882
1341,1,0.96891135,0.8059413728756382,0.93145406
1342,1,0.9254705,0.5882718181892724,0.9377255
1343,1,0.95716524,0.5293280255116303,0.98906785
1344,0,0.92670864,0.4669200694394629,0.9717077
1345,1,0.97698146,0.8154896662329523,0.98941994
1346,1,0.90360534,0.6551744614195381,0.9500436
1347,1,0.8009151,0.4577612008485551,0.8536177
1348,1,0.9735082,0.8686123783949179,0.9529311
1349,0,0.46494007,0.2281490134925704,0.7786787
1350,1,0.84938663,0.4015167911208524,0.60794425
1351,0,0.75412446,0.3800760437796532,0.82759434
1352,1,0.94591516,0.5163424482053,0.9612553
1353,1,0.96009445,0.7390337590418877,0.95823985
1354,0,0.8275472,0.2218470402398805,0.7911309
1355,1,0.956086,0.8617731028749759,0.95927
1356,1,0.97077495,0.8897471768013993,0.9880633
1357,1,0.9443469,0.7270284160098112,0.91612595
1358,1,0.88199604,0.5167313749215522,0.8443968
1359,0,0.95130605,0.5821305810456059,0.9260728
1360,1,0.9360459,0.5082555705559237,0.9867062
1361,1,0.9558489,0.8092963905938098,0.9771966
1362,1,0.93476385,0.6519971189626439,0.9412562
1363,1,0.9426379,0.8191517714767569,0.95179707
1364,1,0.9328931,0.4781348516650029,0.89892614
1365,0,0.05454185,0.0921132644897434,0.10433901
1366,1,0.9591478,0.6662619325613008,0.9760926
1367,1,0.95021296,0.6153053456965984,0.9835
1368,1,0.85802835,0.5008480696150363,0.55724204
1369,1,0.9665472,0.5416158835877543,0.99240535
1370,1,0.92891365,0.529884648108091,0.96374756
1371,1,0.93878806,0.7843927124804772,0.9749976
1372,1,0.9747428,0.8585654573546265,0.9585712
1373,1,0.9760485,0.7971566162207532,0.9356185
1374,1,0.8826391,0.4825961171412006,0.8741096
1375,1,0.98325026,0.6841264219763005,0.9888176
1376,1,0.8849221,0.4973872382552511,0.83476704
1377,1,0.97756493,0.8481050348809265,0.93182623
1378,1,0.68459153,0.3653714787392355,0.5564815
1379,0,0.70758295,0.2507756831137347,0.3426008
1380,1,0.9813793,0.8623183206050704,0.9583075
1381,1,0.9714171,0.798409479268635,0.9907259
1382,1,0.952309,0.727657786538904,0.9831388
1383,0,0.34069794,0.160191130412331,0.35417083
1384,1,0.5290237,0.3035631773605004,0.8848121
1385,0,0.084979825,0.2131075578671492,0.11167325
1386,1,0.961352,0.5971218425856659,0.90438074
1387,1,0.93614733,0.6146188861947878,0.9748692
1388,1,0.9569437,0.6668263628207971,0.98668844
1389,1,0.9802348,0.8382923783098241,0.9894984
1390,1,0.9441541,0.7246430820158092,0.9736944
1391,1,0.9095883,0.5647148822253487,0.8940381
1392,1,0.9096719,0.5303271777809372,0.94803727
1393,1,0.712477,0.4072915827637454,0.84885323
1394,0,0.9393226,0.7915099438403597,0.9620365
1395,0,0.7696404,0.4447347177663386,0.9270874
1396,1,0.94577545,0.7916955963163189,0.96083266
1397,1,0.94431376,0.5616128636654931,0.98573214
1398,1,0.957622,0.8088145913777504,0.95962346
1399,1,0.9332684,0.8144557388101964,0.95467454
1400,1,0.9223343,0.5908027557745302,0.928639
1401,1,0.95139337,0.6363871973481929,0.94949406
1402,1,0.9558327,0.8351775548334684,0.98241454
1403,1,0.9473793,0.5621443808134103,0.9717561
1404,1,0.9465826,0.7272422987541124,0.97733045
1405,1,0.98334724,0.855335137515534,0.95412296
1406,1,0.97102267,0.8471802986831493,0.9707291
1407,0,0.8822481,0.3427047501388442,0.9628282
1408,1,0.6106484,0.3855090612207483,0.7898098
1409,1,0.52996266,0.447657921170279,0.38188338
1410,1,0.98061585,0.7707145821209477,0.94336754
1411,1,0.95059335,0.6144752628494149,0.9560046
1412,1,0.93584657,0.7449854131349887,0.96753114
1413,1,0.9164003,0.639585069175791,0.97687805
1414,1,0.8106409,0.3803454914080326,0.61936706
1415,1,0.9616837,0.716268572585637,0.98612624
1416,1,0.9555795,0.6984274958467822,0.9501402
1417,1,0.8909086,0.4572511341956897,0.8833545
1418,1,0.96326435,0.6445141868315574,0.9654146
1419,1,0.9244608,0.6357864717808547,0.9047597
1420,1,0.9724589,0.5419611375274319,0.9918315
1421,0,0.70623636,0.274720804720253,0.41026804
1422,1,0.93382776,0.5986185226394647,0.9644444
1423,1,0.8855396,0.772493416920645,0.97944427
1424,1,0.9594997,0.6390123084227404,0.95968306
1425,1,0.9548214,0.8075209806978454,0.9047797
1426,1,0.9679078,0.8302969135122525,0.95561
1427,1,0.96506286,0.725439680241876,0.967282
1428,1,0.95013493,0.6676391928974372,0.9447833
1429,1,0.8861214,0.6549820100819931,0.93388593
1430,1,0.92523587,0.5073127031202754,0.93374676
1431,1,0.9221219,0.7217898915001851,0.91743267
1432,1,0.91168785,0.6250537660950731,0.8870555
1433,1,0.91587484,0.6457279625523764,0.9054236
1434,1,0.95830864,0.6599427616409601,0.9491515
1435,1,0.96028334,0.7713895577216948,0.96042484
1436,0,0.85768723,0.4627918203756622,0.9792605
1437,1,0.95850617,0.7096871608188448,0.97468275
1438,1,0.9698334,0.6820698573865442,0.9717311
1439,1,0.9322132,0.3981384957175614,0.89722675
1440,1,0.9881343,0.909002563948484,0.9887229
1441,1,0.9029665,0.793198576298044,0.9459276
1442,1,0.9207501,0.5298795095564791,0.97739434
1443,1,0.94389546,0.6206862915059521,0.98521984
1444,1,0.9079851,0.3008870142977876,0.8734452
1445,1,0.96711487,0.6936450257637402,0.94062126
1446,1,0.9196677,0.5378522733810358,0.92367333
1447,1,0.98074275,0.7965286079252858,0.9869724
1448,1,0.343279,0.3645712480744472,0.4919449
1449,1,0.9816433,0.8239499264835866,0.9775209
1450,0,0.24981028,0.272627392186057,0.17462674
1451,1,0.95564455,0.8000105493737933,0.91392285
1452,0,0.5630927,0.2365242416879704,0.72604215
1453,1,0.9763358,0.634325624440079,0.9872602
1454,1,0.9504389,0.7092528324534753,0.9603306
1455,1,0.9770608,0.6625567013261895,0.9811802
1456,0,0.9103013,0.639116953475535,0.93226403
1457,1,0.6722586,0.3346844537665537,0.4969352
1458,1,0.9575437,0.673094100582516,0.9198329
1459,1,0.93347466,0.7960307501902277,0.9690906
1460,1,0.95248085,0.7596264920137613,0.94942516
1461,1,0.894932,0.3577596899798259,0.9337325
1462,1,0.9331066,0.6828584603379639,0.97628504
1463,0,0.8284899,0.5186140462224059,0.9415795
1464,1,0.86818403,0.5460248395228112,0.9275642
1465,1,0.96161497,0.65768616367242,0.9723217
1466,1,0.9672773,0.7061860491216835,0.9040223
1467,0,0.9152451,0.4000962755951155,0.99244165
1468,1,0.9791786,0.8424328230562637,0.96636033
1469,1,0.9716051,0.8231400154186919,0.98557985
1470,1,0.9369999,0.6395256796482922,0.9118396
1471,0,0.92498225,0.5657308286003628,0.9717538
1472,1,0.8153366,0.3467792032145738,0.7737532
1473,1,0.9296221,0.6270535878451675,0.93682975
1474,1,0.9152712,0.6479797659421478,0.8262643
1475,1,0.91996056,0.631817370969231,0.9515584
1476,1,0.96672094,0.8003380535989781,0.97785896
1477,1,0.9341981,0.5698583763742503,0.9750464
1478,1,0.91465425,0.4817157115603886,0.9768066
1479,0,0.7443597,0.3230559328137312,0.9072132
1480,1,0.95974845,0.6982236225294728,0.9707454
1481,1,0.9496524,0.6401076753055379,0.93854904
1482,1,0.9102556,0.5801752779314845,0.88436157
1483,1,0.93122053,0.524835401676568,0.86907434
1484,1,0.96685433,0.8060399200796738,0.9616893
1485,1,0.946974,0.8047215617836206,0.9698694
1486,0,0.333043,0.3167380979005339,0.40105748
1487,1,0.9719552,0.4866068851047636,0.9789489
1488,1,0.9641235,0.6375896254065315,0.9343936
1489,1,0.6940002,0.5003862257737035,0.9007509
1490,1,0.8911147,0.4988884959772087,0.91753274
1491,1,0.96912056,0.8861490915801837,0.9715837
1492,1,0.8755093,0.4744444387244383,0.95023704
1493,1,0.91944456,0.7690030637563096,0.9879711
1494,1,0.95203304,0.5774635812988054,0.9681522
1495,1,0.95796555,0.8573722072679569,0.9556648
1496,0,0.9182881,0.3408733882026217,0.9407561
1497,1,0.94947,0.4907743792756935,0.92167413
1498,0,0.91896003,0.7376830469745987,0.9519514
1499,1,0.97346145,0.817292151759202,0.99436104
1500,1,0.7253146,0.6664740960020348,0.9408069
1501,1,0.7970042,0.445191471800659,0.88694143
1502,1,0.9755922,0.8860425849884589,0.9615477
1503,1,0.9780141,0.7968886877516554,0.9606709
1504,0,0.9575889,0.7784078066724972,0.98796475
1505,1,0.97134006,0.885903150346164,0.98170495
1506,1,0.9192612,0.7394728048424908,0.96376336
1507,1,0.9022319,0.5496484779552219,0.9519721
1508,1,0.95560336,0.7226529760812764,0.9760291
1509,1,0.52149475,0.3864954411270471,0.22050706
1510,1,0.834128,0.5430860789421809,0.9005704
1511,1,0.97518533,0.8827147821279849,0.9812635
1512,1,0.93895334,0.7395633243675842,0.89608365
1513,1,0.9458299,0.6886528224889423,0.9596957
1514,1,0.92058814,0.5611768069925138,0.9590645
1515,0,0.7583107,0.2578845408736697,0.7666611
1516,1,0.84586394,0.5959597749559381,0.94005436
1517,1,0.91546863,0.4554117120201083,0.91152024
1518,1,0.7161474,0.2582595855238586,0.69863635
1519,0,0.42647892,0.2946484499977717,0.3454963
1520,1,0.92767155,0.609842990450588,0.9054094
1521,1,0.9160368,0.6859010197505917,0.9730864
1522,1,0.9269149,0.5343180332257756,0.9265698
1523,1,0.97365224,0.5987957683911639,0.97284895
1524,1,0.9551304,0.7970579480978893,0.9664648
1525,1,0.8938303,0.4893006393780026,0.79150385
1526,1,0.94500464,0.7088239260942351,0.98764193
1527,1,0.96263707,0.7725238696557635,0.9699746
1528,1,0.97011065,0.8305540900659997,0.98835444
1529,1,0.95959795,0.7952992853685168,0.9391432
1530,1,0.96683425,0.7663286054729328,0.97914875
1531,1,0.93458784,0.6421327715782573,0.9829571
1532,1,0.8944507,0.6286132574196606,0.8757417
1533,1,0.72964895,0.5204657276784634,0.90563273
1534,1,0.9215739,0.6605263547529078,0.9467771
1535,1,0.8820392,0.6725661185535788,0.97059005
1536,0,0.66008556,0.2908293340680984,0.53175366
1537,1,0.960696,0.7533907361682519,0.9318377
1538,0,0.94643575,0.4416243873231031,0.69764245
1539,1,0.9653822,0.7366091356428068,0.9671294
1540,1,0.92244476,0.7212363803728755,0.9332852
1541,0,0.9744407,0.7218521110515383,0.94428545
1542,1,0.8711439,0.6126662852423685,0.9097646
1543,1,0.9650047,0.6636201349136975,0.96727353
1544,1,0.965493,0.7008168752138381,0.9549891
1545,0,0.9106213,0.5087626668505875,0.8769898
1546,1,0.9680659,0.8136869930539877,0.91034967
1547,1,0.9706477,0.701788272184424,0.97392523
1548,1,0.94856566,0.6906677630607008,0.97931975
1549,1,0.6740996,0.3379802994951306,0.77331185
1550,1,0.97213876,0.8738886611418535,0.98165625
1551,1,0.966581,0.6749250567630769,0.9749016
1552,1,0.89466226,0.3790846328564045,0.78409755
1553,1,0.9490478,0.6874469477038307,0.9854048
1554,1,0.93518394,0.4686492951644284,0.8557853
1555,1,0.9812511,0.7408965908831614,0.99060947
1556,1,0.9706452,0.7455416146654931,0.9712269
1557,1,0.935591,0.4357018827342092,0.8831045
1558,1,0.97979337,0.8221927812278655,0.98506665
1559,1,0.6963237,0.3205275526938081,0.43715978
1560,1,0.23633716,0.1537699535237159,0.5183622
1561,0,0.34004015,0.1542083964411875,0.28153807
1562,1,0.9447511,0.7132035840501455,0.9589251
1563,1,0.9379229,0.8536166222375955,0.9756089
1564,0,0.91656685,0.4736584905667959,0.9507106
1565,1,0.94377106,0.7552442516777571,0.95845705
1566,1,0.9834137,0.7146383590745197,0.9916079
1567,1,0.99246985,0.9028078219861444,0.99674255
1568,1,0.967412,0.7609393011502174,0.9266332
1569,1,0.95820314,0.8338426587058138,0.9757387
1570,1,0.969417,0.7108520197097921,0.97782964
1571,1,0.9341847,0.7191829794882519,0.98155403
1572,1,0.9600626,0.8117383576317769,0.9936464
1573,1,0.9128383,0.6456854569847245,0.9588209
1574,1,0.9476759,0.514611286402663,0.97126657
1575,1,0.8011332,0.3736655534793273,0.68281627
1576,1,0.9734273,0.8375415427488144,0.9826241
1577,0,0.44411308,0.2180771899127811,0.19642425
1578,1,0.95551497,0.8070609741753354,0.9615316
1579,1,0.9841161,0.8469693373715652,0.98889905
1580,1,0.91689074,0.6816868603410329,0.9109606
1581,1,0.9826419,0.754697322492644,0.96316993
1582,1,0.9511757,0.7722848035903579,0.95902765
1583,1,0.96091795,0.656245328838487,0.91092944
1584,1,0.96327186,0.6877106733176618,0.97188526
1585,1,0.85380316,0.4802338437727639,0.76035285
1586,0,0.6869066,0.2252914706348249,0.3438565
1587,1,0.9575684,0.7681885514126687,0.9853977
1588,1,0.9712353,0.8398677973318168,0.9821437
1589,1,0.93150467,0.6537982349738151,0.944757
1590,0,0.7860426,0.2447981205672959,0.97783595
1591,1,0.8504229,0.4153778234042551,0.7758502
1592,1,0.95775235,0.4662349048180068,0.95442104
1593,1,0.9437808,0.4639524607990224,0.9824144
1594,1,0.97124183,0.8919058161734967,0.9792797
1595,1,0.9580078,0.693011760282241,0.96022785
1596,1,0.93320185,0.4956178273922225,0.9436445
1597,1,0.95003766,0.7241807818658553,0.8279947
1598,1,0.9725698,0.5897907453735844,0.97177404
1599,1,0.94382864,0.4684345790107054,0.8583147
